<?xml version="1.0" encoding="utf-8"?>
<litepal>
    <dbname value="soil" />
    <version value="1" />
    <list>
        <mapping class="com.maybe.xuning.en.Result" />
    </list>
    <list>
    </list>

    <!--
        Define where the .db file should be. "internal" means the .db file
        will be stored in the database folder of internal storage which no
        one can access. "external" means the .db file will be stored in the
        path to the directory on the primary external storage device where
        the application can place persistent files it owns which everyone
        can access. "internal" will act as default.
        For example:
        <storage value="external" />
    -->

</litepal>
